{
    "loss": 0.8716105818748474,
    "accuracy": 0.8627451062202454
}